id,name,description,hidden,difficulty
spaming,Pro du CPS,Spammer le bouton de connection,0,2
semi_marathon,Semi marathon,"Scroller [TBD, 21 000 ?] px",0,2
page_title,Titre honorifique,Mot de passe cach√© loin dans le titre de la page,0,5
miam,Miam miam,Accepter les cookies,0,0
hungry,Affam√©,Refuser les cookies,0,0
smart,Intelligent,Changer d'avis sur les cookies,0,1
girouette,Girouette,Changer [TBD] fois d'avis pour les cookies,0,3
too_easy,Bien essay√©,Tenter un mot de passe facile,0,2
hidden_chars,√Ä l'aveuglette,Tenter un mot de passe sans avoir activer la visibilit√© des caract√®res,0,0
visible_chars,√Ä d√©couvert,Tenter un mot de passe avec la visibilit√© des caract√®res,0,0
placeholder_pwd,Na√Øf,"√âcrire ""un mot de passe"" puisque le placeholder inque d'""entrer un mot de passe"".",0,4
,Hacker novice,Trouver un mot de passe affich√© dans la console,1,1
,Hacker amateur,Trouver un mot de passe dans le code HTML de la page,1,2
,Hacker pro,Trouver un mot de passe dans les cookies du site,1,3
re,Re !,Revenir sur la page apr√®s l'avoir ferm√©e,0,0
daily_check,Routine,Revenir tous les jours sur la page pendant une semaine,0,10
gatcha,Gatcha,Revenir sur la page tous les jours pendant un mois (4 jours manqu√©s autoris√©s ?),1,10
fleche,Fl√®che !,"Presser la fl√®che gauche sur le clavier plut√¥t que de cliquer sur le bouton avec une fl√®che qui permet d'ouvrir la liste de secrets.
Pour les appareils sans clavier, ajouter la possibilit√© d'entrer un mot de passe du genre ""<-"", ""‚Üê"" ou ""<="" ou encore ""‚Ü§"", ""‚áê""",0,2
bourrin,Bourrin,"Spammer la touche fl√®che vers la gauche. (Ou le mdp pour les appareils sans clavier, voire √©crire plusieurs fois la fl√®che)",0,4
cgu_button,Au pied de la lettre,"Cliquer sur ""le bouton"" plut√¥t que de cliquer sur le bouton pour ouvrir les CGU.
Le bouton ""CGU"" ne fera rien.",0,3
http_400,HTTP 400,Cliquer-glisser le faux bouton CGU sur le champ de texte du mot de passe,0,8
footer,Fan de foot,Atteindre le footer en bas de page,0,0
mute,Censure par baillonement,Couper le son du site (documentation),0,7
forgot_password,T√™te en l'air,"Cliquer sur ""mot de passe oubli√©""",0,0
no_internet,Je passe sous un tunnel,Ouvrir la page sans connexion (documentation),0,8
cat_killer_1,üòØ,Tuer un chat,0,1
cat_killer_10,üò≤,Tuer 10 chats,0,2
cat_killer_50,üò®,Tuer 50 chats,0,4
cat_killer_100,üò±,Tuer 100 chats,0,6
,√áa fait du bien aux oreilles,Couper le son du site sur la page d√©tente,0,7
asleep,Euh... Vous dormez ?,Rester 5 minutes sur la page d√©tente sans rien faire,0,5
explorer,Explorateur,Visiter toutes les pages du site,0,3
lost,Perdu,Changer 5 fois de pages en 15 secondes,0,4