id,name,description,hidden,difficulty,implementedEoL
spaming,Pro du CPS,Spammer le bouton de connection,0,2,0EoL
semi_marathon,Semi marathon,"Scroller [TBD, 21 000 ?] px",0,2,0EoL
page_title,Titre honorifique,Mot de passe cach√© loin dans le titre de la page,0,5,0EoL
miam,Miam miam,Accepter les cookies,0,0,0EoL
hungry,Affam√©,Refuser les cookies,0,0,0EoL
smart,Intelligent,Changer d'avis sur les cookies,0,1,0EoL
girouette,Girouette,Changer [TBD] fois d'avis pour les cookies,0,3,0EoL
too_easy,Bien essay√©,Tenter un mot de passe facile,0,2,1EoL
hidden_chars,√Ä l'aveuglette,Tenter un mot de passe sans avoir activ√© la visibilit√© des caract√®res,0,0,1EoL
visible_chars,√Ä d√©couvert,Tenter un mot de passe avec la visibilit√© des caract√®res,0,0,1EoL
placeholder_pwd,Na√Øf,Entrer le mot de passe ¬´mot de passe¬ª,0,4,1EoL
hack_1,Hacker novice,Trouver un mot de passe affich√© dans la console,1,1,0EoL
hack_2,Hacker amateur,Trouver un mot de passe dans le code HTML de la page,1,2,0EoL
hack_3,Hacker pro,Trouver un mot de passe dans les cookies du site,1,3,0EoL
re,Re !,Revenir sur la page apr√®s l'avoir ferm√©e,0,0,0EoL
daily_check,Routine,Revenir tous les jours sur la page pendant une semaine,0,10,0EoL
gatcha,Gatcha,Revenir sur la page tous les jours pendant un mois (4 jours manqu√©s autoris√©s ?),1,10,0EoL
fleche,Fl√®che !,"Appuyer sur la fl√®che gauche, mais sur le clavier.
(√âcran tactile : entrer un mot de passe ressamblant √† une fl√®che vers la gauche)",0,2,1EoL
bourrin,Bourrin,"Spammer la fl√®che gauche du clavier.
(√âcran tactile : entrer en mot de passe une suite de fl√®ches vers la gauche)",0,4,1EoL
cgu_button,Au pied de la lettre,"Cliquer sur ""le bouton"" plut√¥t que de cliquer sur le bouton pour ouvrir les CGU.
Le bouton ""CGU"" ne fera rien.",0,3,0EoL
http_400,HTTP 400,Cliquer-glisser le faux bouton CGU sur le champ de texte du mot de passe,0,8,0EoL
footer,Fan de foot,Atteindre le footer en bas de page,0,0,0EoL
mute,Censure par baillonement,Couper le son du site (documentation),0,7,0EoL
forgot_password,T√™te en l'air,"Cliquer sur ""mot de passe oubli√©""",0,0,1EoL
no_internet,Je passe sous un tunnel,Ouvrir la page sans connexion (documentation),0,8,0EoL
cat_killer_1,üòØ,Tuer un chat,0,1,1EoL
cat_killer_10,üò≤,Tuer 10 chats,0,2,1EoL
cat_killer_50,üò®,Tuer 50 chats,0,4,1EoL
cat_killer_100,üò±,Tuer 100 chats,0,6,1EoL
boss_killer_1,C'est qui le patron ?,Tuer un boss,0,3,1EoL
boss_killer_3,Ascension sociale,Tuer 3 boss,0,8,1EoL
mute_detente,√áa fait du bien aux oreilles,Couper le son du site sur la page d√©tente,0,7,0EoL
asleep,Euh... Vous dormez ?,Rester 5 minutes sur la page d√©tente sans rien faire,0,5,0EoL
explorer,Explorateur,Visiter toutes les pages du site,0,3,0EoL
lost,Perdu,Changer 5 fois de pages en 15 secondes,0,4,0EoL
debug,Zone interdite,D√©bloqu√© sur la page de d√©boggage,0,4,1EoL
last_point,Point final,"Cliquer sur le point final dans la page ""√Ä propos""",0,9,1EoL
empty_password,On ne peut pas l'oublier,Ne pas entrer de mot de passe et valider,0,1,1EoL
404,"C'est une m√©prise, il y a erreur",Aller sur la page de l'erreur 404,0,4,1